-- phpMyAdmin SQL Dump
-- version 4.5.1
-- http://www.phpmyadmin.net
--
-- Host: 127.0.0.1
-- Generation Time: Oct 14, 2022 at 08:02 AM
-- Server version: 10.1.19-MariaDB
-- PHP Version: 5.6.28

SET SQL_MODE = "NO_AUTO_VALUE_ON_ZERO";
SET time_zone = "+00:00";


/*!40101 SET @OLD_CHARACTER_SET_CLIENT=@@CHARACTER_SET_CLIENT */;
/*!40101 SET @OLD_CHARACTER_SET_RESULTS=@@CHARACTER_SET_RESULTS */;
/*!40101 SET @OLD_COLLATION_CONNECTION=@@COLLATION_CONNECTION */;
/*!40101 SET NAMES utf8mb4 */;

--
-- Database: `e-pkk`
--

-- --------------------------------------------------------

--
-- Table structure for table `akseptor_kb`
--

CREATE TABLE `akseptor_kb` (
  `idakseptorkb` int(11) NOT NULL,
  `nama_akseptorkb` varchar(5) NOT NULL
) ENGINE=InnoDB DEFAULT CHARSET=latin1 ROW_FORMAT=COMPACT;

--
-- Dumping data for table `akseptor_kb`
--

INSERT INTO `akseptor_kb` (`idakseptorkb`, `nama_akseptorkb`) VALUES
(1, 'Ya'),
(2, 'Tidak');

-- --------------------------------------------------------

--
-- Table structure for table `aktif_posyandu`
--

CREATE TABLE `aktif_posyandu` (
  `idaktifposyandu` int(11) NOT NULL,
  `nama_aktifposyandu` varchar(5) NOT NULL
) ENGINE=InnoDB DEFAULT CHARSET=latin1 ROW_FORMAT=COMPACT;

--
-- Dumping data for table `aktif_posyandu`
--

INSERT INTO `aktif_posyandu` (`idaktifposyandu`, `nama_aktifposyandu`) VALUES
(1, 'Ya'),
(2, 'Tidak');

-- --------------------------------------------------------

--
-- Table structure for table `jamban_keluarga`
--

CREATE TABLE `jamban_keluarga` (
  `idjambankeluarga` int(11) NOT NULL,
  `nama_jambankeluarga` varchar(5) NOT NULL
) ENGINE=InnoDB DEFAULT CHARSET=latin1 ROW_FORMAT=COMPACT;

--
-- Dumping data for table `jamban_keluarga`
--

INSERT INTO `jamban_keluarga` (`idjambankeluarga`, `nama_jambankeluarga`) VALUES
(1, 'Ya'),
(2, 'Tidak');

-- --------------------------------------------------------

--
-- Table structure for table `kelompok_belajar`
--

CREATE TABLE `kelompok_belajar` (
  `idkelompokbelajar` int(11) NOT NULL,
  `nama_kelompokbelajar` varchar(5) NOT NULL
) ENGINE=InnoDB DEFAULT CHARSET=latin1 ROW_FORMAT=COMPACT;

--
-- Dumping data for table `kelompok_belajar`
--

INSERT INTO `kelompok_belajar` (`idkelompokbelajar`, `nama_kelompokbelajar`) VALUES
(1, 'Ya'),
(2, 'Tidak');

-- --------------------------------------------------------

--
-- Table structure for table `kriteria_rumah`
--

CREATE TABLE `kriteria_rumah` (
  `idkriteriarumah` int(11) NOT NULL,
  `nama_kriteriarumah` varchar(15) NOT NULL
) ENGINE=InnoDB DEFAULT CHARSET=latin1 ROW_FORMAT=COMPACT;

--
-- Dumping data for table `kriteria_rumah`
--

INSERT INTO `kriteria_rumah` (`idkriteriarumah`, `nama_kriteriarumah`) VALUES
(1, 'Sehat'),
(2, 'Tidak Sehat');

-- --------------------------------------------------------

--
-- Table structure for table `mengikuti_bpkb`
--

CREATE TABLE `mengikuti_bpkb` (
  `idbpkb` int(11) NOT NULL,
  `nama_bpkb` varchar(5) NOT NULL
) ENGINE=InnoDB DEFAULT CHARSET=latin1 ROW_FORMAT=COMPACT;

--
-- Dumping data for table `mengikuti_bpkb`
--

INSERT INTO `mengikuti_bpkb` (`idbpkb`, `nama_bpkb`) VALUES
(1, 'Ya'),
(2, 'Tidak');

-- --------------------------------------------------------

--
-- Table structure for table `mengikuti_paud`
--

CREATE TABLE `mengikuti_paud` (
  `idmengikutipaud` int(11) NOT NULL,
  `nama_mengikutipaud` varchar(5) NOT NULL
) ENGINE=InnoDB DEFAULT CHARSET=latin1 ROW_FORMAT=COMPACT;

--
-- Dumping data for table `mengikuti_paud`
--

INSERT INTO `mengikuti_paud` (`idmengikutipaud`, `nama_mengikutipaud`) VALUES
(1, 'Ya'),
(2, 'Tidak');

-- --------------------------------------------------------

--
-- Table structure for table `mst_desa`
--

CREATE TABLE `mst_desa` (
  `id_kec` int(15) NOT NULL,
  `id_desa` bigint(20) UNSIGNED NOT NULL,
  `nm_desa` varchar(100) NOT NULL,
  `id_surat` bigint(20) DEFAULT NULL
) ENGINE=InnoDB DEFAULT CHARSET=latin1 COMMENT='master desa' ROW_FORMAT=COMPACT;

--
-- Dumping data for table `mst_desa`
--

INSERT INTO `mst_desa` (`id_kec`, `id_desa`, `nm_desa`, `id_surat`) VALUES
(3507010, 3507010001, 'SUMBEROTO', 35070108),
(3507010, 3507010002, 'PURWOREJO', 35070107),
(3507010, 3507010003, 'MENTARAMAN', 35070109),
(3507010, 3507010004, 'DONOMULYO', 35070106),
(3507010, 3507010005, 'TEMPURSARI', 35070105),
(3507010, 3507010006, 'TLOGOSARI', 35070104),
(3507010, 3507010007, 'KEDUNGSALAM', 35070103),
(3507010, 3507010008, 'BANJARJO', 35070102),
(3507010, 3507010009, 'TULUNGREJO', 35070101),
(3507010, 3507010010, 'PURWODADI', 35070110),
(3507020, 3507020001, 'ARJOSARI', 35071106),
(3507020, 3507020002, 'TUMPAKREJO', 35071105),
(3507020, 3507020003, 'KALIASRI', 35071109),
(3507020, 3507020004, 'PUTUKREJO', 35071101),
(3507020, 3507020005, 'SUMBERPETUNG', 35071103),
(3507020, 3507020006, 'KALIPARE', 35071102),
(3507020, 3507020007, 'SUKOWILANGUN', 35071104),
(3507020, 3507020008, 'ARJOWILANGUN', 35071108),
(3507020, 3507020009, 'KALIREJO', 35071107),
(3507030, 3507030001, 'SUMBERMANJING KULON', 35070201),
(3507030, 3507030002, 'PANDANREJO', 35070202),
(3507030, 3507030003, 'SUMBERKERTO', 35070203),
(3507030, 3507030004, 'SEMPOL', 35070204),
(3507030, 3507030005, 'PAGAK', 35070205),
(3507030, 3507030006, 'SUMBERREJO', 35070208),
(3507030, 3507030007, 'GAMPINGAN', 35070207),
(3507030, 3507030008, 'TLOGOREJO', 35070206),
(3507040, 3507040001, 'BANDUNGREJO', 35070307),
(3507040, 3507040002, 'SUMBERBENING', 35070306),
(3507040, 3507040003, 'SRIGONCO', 35070305),
(3507040, 3507040004, 'WONOREJO', 35070304),
(3507040, 3507040005, 'BANTUR', 35070303),
(3507040, 3507040006, 'PRINGGODANI', 35070308),
(3507040, 3507040007, 'REJOSARI', 35070302),
(3507040, 3507040008, 'WONOKERTO', 35070301),
(3507040, 3507040009, 'REJOYOSO', 35070309),
(3507040, 3507040010, 'KARANGSARI', 35070310),
(3507050, 3507050001, 'TUMPAKREJO', 35072907),
(3507050, 3507050002, 'SINDUREJO', 35072903),
(3507050, 3507050003, 'GAJAHREJO', 35072902),
(3507050, 3507050004, 'SIDODADI', 35072901),
(3507050, 3507050005, 'GEDANGAN', 35072904),
(3507050, 3507050006, 'SEGARAN', 35072905),
(3507050, 3507050007, 'SUMBEREJO', 35072906),
(3507050, 3507050008, 'GIRIMULYO', 35072908),
(3507060, 3507060001, 'SITIARJO', 35070407),
(3507060, 3507060002, 'TAMBAKREJO', 35070414),
(3507060, 3507060003, 'KEDUNGBANTENG', 35070406),
(3507060, 3507060004, 'TAMBAKASRI', 35070401),
(3507060, 3507060005, 'TEGALREJO', 35070402),
(3507060, 3507060006, 'RINGINKEMBAR', 35070405),
(3507060, 3507060007, 'SUMBERAGUNG', 35070408),
(3507060, 3507060008, 'HARJOKUNCARAN', 35070410),
(3507060, 3507060009, 'ARGOTIRTO', 35070409),
(3507060, 3507060010, 'RINGINSARI', 35070412),
(3507060, 3507060011, 'DRUJU', 35070413),
(3507060, 3507060012, 'SUMBERMANJING WETAN', 35070411),
(3507060, 3507060013, 'KLEPU', 35070404),
(3507060, 3507060014, 'SEKARBANYU', 35070403),
(3507060, 3507060015, 'SIDOASRI', 35070415),
(3507070, 3507070001, 'SUKODONO', 35070501),
(3507070, 3507070002, 'SRIMULYO', 35070503),
(3507070, 3507070003, 'BATURETNO', 35070504),
(3507070, 3507070004, 'BUMIREJO', 35070505),
(3507070, 3507070005, 'SUMBERSUKO', 35070502),
(3507070, 3507070006, 'AMADANOM', 35070506),
(3507070, 3507070007, 'DAMPIT', 35070507),
(3507070, 3507070008, 'PAMOTAN', 35070508),
(3507070, 3507070009, 'MAJANGTENGAH', 35070509),
(3507070, 3507070010, 'REMBUN', 35070510),
(3507070, 3507070011, 'POJOK', 35070511),
(3507070, 3507070012, 'JAMBANGAN', 35070512),
(3507080, 3507080001, 'PURWODADI', 35073013),
(3507080, 3507080002, 'PUJIHARJO', 35073001),
(3507080, 3507080003, 'SUMBERTANGKIL', 35073002),
(3507080, 3507080004, 'KEPATIHAN', 35073003),
(3507080, 3507080005, 'JOGOMULYAN', 35073004),
(3507080, 3507080006, 'TIRTOYUDO', 35073006),
(3507080, 3507080007, 'GADUNGSARI', 35073010),
(3507080, 3507080008, 'TLOGOSARI', 35073005),
(3507080, 3507080009, 'SUKOREJO', 35073007),
(3507080, 3507080010, 'AMPELGADING', 35073008),
(3507080, 3507080011, 'TAMANKUNCARAN', 35073009),
(3507080, 3507080012, 'WONOAGUNG', 35073011),
(3507080, 3507080013, 'TAMANSATRIYAN', 35073012),
(3507090, 3507090001, 'LEBAKHARJO', 35070601),
(3507090, 3507090002, 'WIROTAMAN', 35070602),
(3507090, 3507090003, 'TAMANASRI', 35070603),
(3507090, 3507090004, 'SONOWANGI', 35070613),
(3507090, 3507090005, 'TIRTOMARTO', 35070604),
(3507090, 3507090006, 'PURWOHARJO', 35070605),
(3507090, 3507090007, 'SIDORENGGO', 35070606),
(3507090, 3507090008, 'TIRTOMOYO', 35070607),
(3507090, 3507090009, 'TAWANGAGUNG', 35070610),
(3507090, 3507090010, 'SIMOJAYAN', 35070611),
(3507090, 3507090011, 'ARGOYUWONO', 35070608),
(3507090, 3507090012, 'MULYOASRI', 35070609),
(3507090, 3507090013, 'TAMANSARI', 35070612),
(3507100, 3507100001, 'DAWUHAN', 35070701),
(3507100, 3507100002, 'SUMBEREJO', 35070702),
(3507100, 3507100003, 'PANDANSARI', 35070703),
(3507100, 3507100004, 'NGADIRESO', 35070704),
(3507100, 3507100005, 'KARANGANYAR', 35070707),
(3507100, 3507100006, 'JAMBESARI', 35070708),
(3507100, 3507100007, 'PAJARAN', 35070710),
(3507100, 3507100008, 'ARGOSUKO', 35070711),
(3507100, 3507100009, 'NGEBRUK', 35070709),
(3507100, 3507100010, 'KARANGNONGKO', 35070706),
(3507100, 3507100011, 'WONOMULYO', 35070712),
(3507100, 3507100012, 'BELUNG', 35070713),
(3507100, 3507100013, 'WONOREJO', 35070705),
(3507100, 3507100014, 'PONCOKUSUMO', 35070715),
(3507100, 3507100015, 'WRINGINANOM', 35070714),
(3507100, 3507100016, 'GUBUKKLAKAH', 35070716),
(3507100, 3507100017, 'NGADAS', 35070717),
(3507110, 3507110001, 'SUMBERPUTIH', 35070801),
(3507110, 3507110002, 'WONOAYU', 35070802),
(3507110, 3507110003, 'BAMBANG', 35070803),
(3507110, 3507110004, 'BRINGIN', 35070804),
(3507110, 3507110005, 'DADAPAN', 35070805),
(3507110, 3507110006, 'PATOKPICIS', 35070806),
(3507110, 3507110007, 'BLAYU', 35070807),
(3507110, 3507110008, 'CODO', 35070808),
(3507110, 3507110009, 'SUKOLILO', 35070809),
(3507110, 3507110010, 'KIDANGBANG', 35070810),
(3507110, 3507110011, 'SUKOANYAR', 35070811),
(3507110, 3507110012, 'WAJAK', 35070812),
(3507110, 3507110013, 'NGEMBAL', 35070813),
(3507120, 3507120001, 'KEMULAN', 35070902),
(3507120, 3507120002, 'TAWANGREJENI', 35070901),
(3507120, 3507120003, 'SAWAHAN', 35070903),
(3507120, 3507120004, 'UNDAAN', 35070904),
(3507120, 3507120005, 'GEDOG KULON', 35070905),
(3507120, 3507120006, 'GEDOG WETAN', 35070906),
(3507120, 3507120007, 'TALOK', 35070907),
(3507120, 3507120008, 'SEDAYU', 35070908),
(3507120, 3507120009, 'TANGGUNG', 35070909),
(3507120, 3507120010, 'JERU', 35070910),
(3507120, 3507120011, 'TUREN', 35070911),
(3507120, 3507120012, 'PAGEDANGAN', 35070912),
(3507120, 3507120013, 'SANANKERTO', 35070913),
(3507120, 3507120014, 'SANANREJO', 35070914),
(3507120, 3507120015, 'KEDOK', 35070915),
(3507120, 3507120016, 'TALANGSUKO', 35070916),
(3507120, 3507120017, 'TUMPUKRENTENG', 35070917),
(3507130, 3507130001, 'SUKONOLO', 35071406),
(3507130, 3507130002, 'GADING', 35071405),
(3507130, 3507130003, 'KREBET', 35071404),
(3507130, 3507130004, 'BAKALAN', 35071403),
(3507130, 3507130005, 'SUDIMORO', 35071401),
(3507130, 3507130006, 'KASRI', 35071402),
(3507130, 3507130007, 'PRINGU', 35071414),
(3507130, 3507130008, 'KASEMBON', 35071413),
(3507130, 3507130009, 'KUWOLU', 35071412),
(3507130, 3507130010, 'KREBET SENGGRONG', 35071411),
(3507130, 3507130011, 'LUMBANGSARI', 35071407),
(3507130, 3507130012, 'WANDANPURO', 35071408),
(3507130, 3507130013, 'BULULAWANG', 35071410),
(3507130, 3507130014, 'SEMPALWADAK', 35071409),
(3507140, 3507140001, 'SUKOREJO', 35071005),
(3507140, 3507140002, 'BULUPITU', 35071006),
(3507140, 3507140003, 'SUKOSARI', 35071003),
(3507140, 3507140004, 'PANGGUNGREJO', 35071007),
(3507140, 3507140005, 'GONDANGLEGI KULON', 35071002),
(3507140, 3507140006, 'GONDANGLEGI WETAN', 35071004),
(3507140, 3507140007, 'SEPANJANG', 35071014),
(3507140, 3507140008, 'PUTAT KIDUL', 35071001),
(3507140, 3507140009, 'PUTAT LOR', 35071009),
(3507140, 3507140010, 'UREK UREK', 35071010),
(3507140, 3507140011, 'KETAWANG', 35071011),
(3507140, 3507140012, 'GANJARAN', 35071008),
(3507140, 3507140013, 'PUTUKREJO', 35071012),
(3507140, 3507140014, 'SUMBERJAYA', 35071013),
(3507150, 3507150001, 'KANIGORO', 35073305),
(3507150, 3507150002, 'BALEARJO', 35073304),
(3507150, 3507150003, 'KADEMANGAN', 35073303),
(3507150, 3507150004, 'SUWARU', 35073302),
(3507150, 3507150005, 'CLUMPRIT', 35073301),
(3507150, 3507150006, 'SIDOREJO', 35073310),
(3507150, 3507150007, 'PAGELARAN', 35073307),
(3507150, 3507150008, 'BANJAREJO', 35073308),
(3507150, 3507150009, 'BRONGKAL', 35073306),
(3507150, 3507150010, 'KARANGSUKO', 35073309),
(3507160, 3507160001, 'JENGGOLO', 35071304),
(3507160, 3507160002, 'SENGGURUH', 35071302),
(3507160, 3507160003, 'KEMIRI', 35071301),
(3507160, 3507160004, 'TEGALSARI', 35071306),
(3507160, 3507160005, 'MANGUNREJO', 35071303),
(3507160, 3507160006, 'PANGGUNGREJO', 35071308),
(3507160, 3507160007, 'KEDUNGPEDARINGAN', 35071305),
(3507160, 3507160008, 'PENARUKAN', 35071307),
(3507160, 3507160009, 'CEPOKOMULYO', 35071309),
(3507160, 3507160010, 'KEPANJEN', 35071310),
(3507160, 3507160011, 'TALANGAGUNG', 35071311),
(3507160, 3507160012, 'DILEM', 35071312),
(3507160, 3507160013, 'ARDIREJO', 35071313),
(3507160, 3507160014, 'SUKORAHARJO', 35071314),
(3507160, 3507160015, 'CURUNG REJO', 35071315),
(3507160, 3507160016, 'JATIREJOYOSO', 35071316),
(3507160, 3507160017, 'NGADILANGKUNG', 35071317),
(3507160, 3507160018, 'MOJOSARI', 35071318),
(3507170, 3507170001, 'KARANGKATES', 35071207),
(3507170, 3507170002, 'SUMBERPUCUNG', 35071206),
(3507170, 3507170003, 'JATIGUWI', 35071205),
(3507170, 3507170004, 'SAMBIGEDE', 35071203),
(3507170, 3507170005, 'SENGGRENG', 35071202),
(3507170, 3507170006, 'TERNYANG', 35071201),
(3507170, 3507170007, 'NGEBRUK', 35071204),
(3507180, 3507180001, 'SLOROK', 35073101),
(3507180, 3507180002, 'JATIKERTO', 35073102),
(3507180, 3507180003, 'NGADIREJO', 35073103),
(3507180, 3507180004, 'KARANGREJO', 35073107),
(3507180, 3507180005, 'KROMENGAN', 35073104),
(3507180, 3507180006, 'PENIWEN', 35073105),
(3507180, 3507180007, 'JAMBUWER', 35073106),
(3507190, 3507190001, 'NGAJUM', 35072001),
(3507190, 3507190002, 'PALAAN', 35072002),
(3507190, 3507190003, 'NGASEM', 35072003),
(3507190, 3507190004, 'BANJARSARI', 35072004),
(3507190, 3507190005, 'KRANGGAN', 35072005),
(3507190, 3507190006, 'KESAMBEN', 35072006),
(3507190, 3507190007, 'BABADAN', 35072007),
(3507190, 3507190008, 'BALESARI', 35072008),
(3507190, 3507190009, 'MAGUAN', 35072009),
(3507200, 3507200001, 'KLUWUT', 35073201),
(3507200, 3507200002, 'PLANDI', 35073202),
(3507200, 3507200003, 'PLAOSAN', 35073203),
(3507200, 3507200004, 'KEBOBANG', 35073204),
(3507200, 3507200005, 'BANGELAN', 35073208),
(3507200, 3507200006, 'SUMBERDEM', 35073206),
(3507200, 3507200007, 'SUMBERTEMPUR', 35073205),
(3507200, 3507200008, 'WONOSARI', 35073207),
(3507210, 3507210001, 'SUMBERSUKO', 35072101),
(3507210, 3507210002, 'MENDALANWANGI', 35072102),
(3507210, 3507210003, 'SITIREJO', 35072103),
(3507210, 3507210004, 'PARANGARGO', 35072104),
(3507210, 3507210005, 'GONDOWANGI', 35072105),
(3507210, 3507210006, 'PANDANREJO', 35072106),
(3507210, 3507210007, 'PETUNGSEWU', 35072107),
(3507210, 3507210008, 'SUKODADI', 35072108),
(3507210, 3507210009, 'SIDORAHAYU', 35072109),
(3507210, 3507210010, 'JEDONG', 35072110),
(3507210, 3507210011, 'DALISODO', 35072111),
(3507210, 3507210012, 'PANDANLANDUNG', 35072112),
(3507220, 3507220001, 'PERMANU', 35071901),
(3507220, 3507220002, 'KARANGPANDAN', 35071902),
(3507220, 3507220003, 'GLANGGANG', 35071903),
(3507220, 3507220004, 'SUTOJAYAN', 35071906),
(3507220, 3507220005, 'WONOKERSO', 35071904),
(3507220, 3507220006, 'KARANGDUREN', 35071905),
(3507220, 3507220007, 'PAKISAJI', 35071907),
(3507220, 3507220008, 'JATISARI', 35071908),
(3507220, 3507220009, 'WADUNG', 35071909),
(3507220, 3507220010, 'GENENGAN', 35071910),
(3507220, 3507220011, 'KEBONAGUNG', 35071912),
(3507220, 3507220012, 'KENDALPAYAK', 35071911),
(3507230, 3507230001, 'TAMBAKASRI', 35071512),
(3507230, 3507230002, 'TANGKILSARI', 35071510),
(3507230, 3507230003, 'JAMBEARJO', 35071509),
(3507230, 3507230004, 'JATISARI', 35071506),
(3507230, 3507230005, 'PANDANMULYO', 35071505),
(3507230, 3507230006, 'NGAWONGGO', 35071504),
(3507230, 3507230007, 'PURWOSEKAR', 35071503),
(3507230, 3507230008, 'GUNUNGRONGGO', 35071502),
(3507230, 3507230009, 'GUNUNGSARI', 35071501),
(3507230, 3507230010, 'TAJINAN', 35071507),
(3507230, 3507230011, 'RANDUGADING', 35071508),
(3507230, 3507230012, 'SUMBERSUKO', 35071511),
(3507240, 3507240001, 'NGINGIT', 35071601),
(3507240, 3507240002, 'KIDAL', 35071602),
(3507240, 3507240003, 'KAMBINGAN', 35071603),
(3507240, 3507240004, 'PANDANAJENG', 35071604),
(3507240, 3507240005, 'PULUNGDOWO', 35071605),
(3507240, 3507240006, 'BOKOR', 35071606),
(3507240, 3507240007, 'SLAMET', 35071607),
(3507240, 3507240008, 'WRINGINSONGO', 35071608),
(3507240, 3507240009, 'JERU', 35071609),
(3507240, 3507240010, 'MALANGSUKO', 35071610),
(3507240, 3507240011, 'TUMPANG', 35071611),
(3507240, 3507240012, 'TULUSBESAR', 35071612),
(3507240, 3507240013, 'BENJOR', 35071614),
(3507240, 3507240014, 'DUWET', 35071613),
(3507240, 3507240015, 'DUWET KRAJAN', 35071615),
(3507250, 3507250001, 'SEKARPURO', 35071809),
(3507250, 3507250002, 'AMPELDENTO', 35071808),
(3507250, 3507250003, 'SUMBERKRADENAN', 35071807),
(3507250, 3507250004, 'KEDUNGREJO', 35071801),
(3507250, 3507250005, 'BANJARREJO', 35071802),
(3507250, 3507250006, 'PUCANG SONGO', 35071803),
(3507250, 3507250007, 'SUKOANYAR', 35071804),
(3507250, 3507250008, 'SUMBERPASIR', 35071805),
(3507250, 3507250009, 'PAKISKEMBAR', 35071806),
(3507250, 3507250010, 'PAKISJAJAR', 35071815),
(3507250, 3507250011, 'BUNUTWETAN', 35071814),
(3507250, 3507250012, 'ASRIKATON', 35071813),
(3507250, 3507250013, 'SAPTORENGGO', 35071812),
(3507250, 3507250014, 'MANGLIAWAN', 35071810),
(3507250, 3507250015, 'TIRTOMOYO', 35071811),
(3507260, 3507260001, 'KENONGO', 35071703),
(3507260, 3507260002, 'NGADIREJO', 35071702),
(3507260, 3507260003, 'TAJI', 35071701),
(3507260, 3507260004, 'PANDANSARI LOR', 35071706),
(3507260, 3507260005, 'SUKOPURO', 35071705),
(3507260, 3507260006, 'SIDOREJO', 35071704),
(3507260, 3507260007, 'SUKOLILO', 35071711),
(3507260, 3507260008, 'SIDOMULYO', 35071707),
(3507260, 3507260009, 'GADING KEMBAR', 35071708),
(3507260, 3507260010, 'KEMANTREN', 35071710),
(3507260, 3507260011, 'ARGOSARI', 35071709),
(3507260, 3507260012, 'SLAMPAREJO', 35071714),
(3507260, 3507260013, 'KEMIRI', 35071715),
(3507260, 3507260014, 'JABUNG', 35071713),
(3507260, 3507260015, 'GUNUNG JATI', 35071712),
(3507270, 3507270001, 'SIDOLUHUR', 35072501),
(3507270, 3507270002, 'SRIGADING', 35072502),
(3507270, 3507270003, 'SIDODADI', 35072503),
(3507270, 3507270004, 'BEDALI', 35072504),
(3507270, 3507270005, 'KALIREJO', 35072505),
(3507270, 3507270006, 'MULYOARJO', 35072506),
(3507270, 3507270007, 'SUMBER NGEPOH', 35072507),
(3507270, 3507270008, 'SUMBER PORONG', 35072508),
(3507270, 3507270009, 'TURIREJO', 35072509),
(3507270, 3507270010, 'LAWANG', 35072510),
(3507270, 3507270011, 'KETINDAN', 35072511),
(3507270, 3507270012, 'WONOREJO', 35072512),
(3507280, 3507280001, 'LANGLANG', 35072407),
(3507280, 3507280002, 'TUNJUNGTIRTO', 35072406),
(3507280, 3507280003, 'BANJARARUM', 35072405),
(3507280, 3507280004, 'WATUGEDE', 35072404),
(3507280, 3507280005, 'DENGKOL', 35072402),
(3507280, 3507280006, 'WONOREJO', 35072401),
(3507280, 3507280007, 'BATURETNO', 35072403),
(3507280, 3507280008, 'TAMANHARJO', 35072412),
(3507280, 3507280009, 'LOSARI', 35072414),
(3507280, 3507280010, 'PAGENTAN', 35072411),
(3507280, 3507280011, 'PURWOASRI', 35072408),
(3507280, 3507280012, 'KLAMPOK', 35072409),
(3507280, 3507280013, 'GUNUNGREJO', 35072410),
(3507280, 3507280014, 'CANDIRENGGO', 35072415),
(3507280, 3507280015, 'ARDIMULYO', 35072413),
(3507280, 3507280016, 'RANDUAGUNG', 35072417),
(3507280, 3507280017, 'TOYOMARTO', 35072416),
(3507290, 3507290001, 'TEGALGONDO', 35072301),
(3507290, 3507290002, 'KEPUHARJO', 35072302),
(3507290, 3507290003, 'NGENEP', 35072303),
(3507290, 3507290004, 'NGIJO', 35072304),
(3507290, 3507290005, 'AMPELDENTO', 35072305),
(3507290, 3507290006, 'GIRIMOYO', 35072306),
(3507290, 3507290007, 'BOCEK', 35072307),
(3507290, 3507290008, 'DONOWARIH', 35072308),
(3507290, 3507290009, 'TAWANGARGO', 35072309),
(3507300, 3507300001, 'KUCUR', 35072201),
(3507300, 3507300002, 'KALISONGO', 35072202),
(3507300, 3507300003, 'KARANGWIDORO', 35072203),
(3507300, 3507300004, 'PETUNG SEWU', 35072204),
(3507300, 3507300005, 'SELOREJO', 35072205),
(3507300, 3507300006, 'TEGALWERU', 35072206),
(3507300, 3507300007, 'LANDUNGSARI', 35072207),
(3507300, 3507300008, 'GADINGKULON', 35072209),
(3507300, 3507300009, 'MULYOAGUNG', 35072208),
(3507300, 3507300010, 'SUMBERSEKAR', 35072210),
(3507310, 3507310001, 'BENDOSARI', 35072601),
(3507310, 3507310002, 'SUKOMULYO', 35072602),
(3507310, 3507310003, 'PUJON KIDUL', 35072603),
(3507310, 3507310004, 'PANDESARI', 35072604),
(3507310, 3507310005, 'PUJON LOR', 35072605),
(3507310, 3507310006, 'NGROTO', 35072606),
(3507310, 3507310007, 'NGABAB', 35072607),
(3507310, 3507310008, 'TAWANGSARI', 35072608),
(3507310, 3507310009, 'MADIREDO', 35072609),
(3507310, 3507310010, 'WIYUREJO', 35072610),
(3507320, 3507320001, 'PAGERSARI', 35072701),
(3507320, 3507320002, 'SIDODADI', 35072702),
(3507320, 3507320003, 'BANJAREJO', 35072703),
(3507320, 3507320004, 'PURWOREJO', 35072704),
(3507320, 3507320005, 'NGANTRU', 35072705),
(3507320, 3507320006, 'BANTUREJO', 35072706),
(3507320, 3507320007, 'PANDANSARI', 35072707),
(3507320, 3507320008, 'MULYOREJO', 35072708),
(3507320, 3507320009, 'SUMBERAGUNG', 35072709),
(3507320, 3507320010, 'KAUMREJO', 35072710),
(3507320, 3507320011, 'TULUNGREJO', 35072711),
(3507320, 3507320012, 'WATUREJO', 35072712),
(3507320, 3507320013, 'JOMBOK', 35072713),
(3507330, 3507330001, 'PONDOK AGUNG', 35072801),
(3507330, 3507330002, 'BAYEM', 35072802),
(3507330, 3507330003, 'PAIT', 35072803),
(3507330, 3507330004, 'WONOAGUNG', 35072804),
(3507330, 3507330005, 'KASEMBON', 35072805),
(3507330, 3507330006, 'SUKOSARI', 35072806);

-- --------------------------------------------------------

--
-- Table structure for table `mst_kec`
--

CREATE TABLE `mst_kec` (
  `id_kab` int(6) NOT NULL,
  `id_kec` int(15) UNSIGNED NOT NULL,
  `nm_kec` varchar(100) NOT NULL,
  `id` int(10) NOT NULL,
  `lat` varchar(255) DEFAULT NULL,
  `lon` varchar(255) DEFAULT NULL
) ENGINE=InnoDB DEFAULT CHARSET=latin1 COMMENT='Master Kecamatan' ROW_FORMAT=COMPACT;

--
-- Dumping data for table `mst_kec`
--

INSERT INTO `mst_kec` (`id_kab`, `id_kec`, `nm_kec`, `id`, `lat`, `lon`) VALUES
(3507, 3507010, 'DONOMULYO', 1, '-8.205294', '112.465749'),
(3507, 3507020, 'KALIPARE', 2, '-8.130392', '112.490033'),
(3507, 3507030, 'PAGAK', 3, '-8.225561', '112.525724'),
(3507, 3507040, 'BANTUR', 4, '-8.316290', '112.580140'),
(3507, 3507050, 'GEDANGAN', 5, '-8.293016', '112.648128'),
(3507, 3507060, 'SUMBERMANJING', 6, '-8.279160', '112.690124'),
(3507, 3507070, 'DAMPIT', 7, '-8.211620', '112.748740'),
(3507, 3507080, 'TIRTO YUDO', 8, '-8.226911', '112.833019'),
(3507, 3507090, 'AMPELGADING', 9, '-8.234253', '112.877614'),
(3507, 3507100, 'PONCOKUSUMO', 10, '-8.042339', '112.772831'),
(3507, 3507110, 'WAJAK', 11, '-8.102281', '112.730014'),
(3507, 3507120, 'TUREN', 12, '-8.169703', '112.689289'),
(3507, 3507130, 'BULULAWANG', 13, '-8.077809', '112.641241'),
(3507, 3507140, 'GONDANGLEGI', 14, '-8.176056', '112.635597'),
(3507, 3507150, 'PAGELARAN', 15, '-8.196001', '112.619690'),
(3507, 3507160, 'KEPANJEN', 16, '-8.129795', '112.566069'),
(3507, 3507170, 'SUMBER PUCUNG', 17, '-8.156720', '112.474036'),
(3507, 3507180, 'KROMENGAN', 18, '-8.130392', '112.490033'),
(3507, 3507190, 'NGAJUM', 19, '-8.096410', '112.540818'),
(3507, 3507200, 'WONOSARI', 20, '-8.033284', '112.497726'),
(3507, 3507210, 'WAGIR', 21, '-8.009080', '112.572365'),
(3507, 3507220, 'PAKISAJI', 22, '-8.061095', '112.601634'),
(3507, 3507230, 'TAJINAN', 23, '-8.049637', '112.681640'),
(3507, 3507240, 'TUMPANG', 24, '-8.004532', '112.762905'),
(3507, 3507250, 'PAKIS', 25, '-7.959228', '112.716598'),
(3507, 3507260, 'JABUNG', 26, '-7.945133', '112.734132'),
(3507, 3507270, 'LAWANG', 27, '-7.836950', '112.697052'),
(3507, 3507280, 'SINGOSARI', 28, '-7.893844', '112.662868'),
(3507, 3507290, 'KARANGPLOSO', 29, '-7.891528', '112.594329'),
(3507, 3507300, 'DAU', 30, '-7.914286', '112.585860'),
(3507, 3507310, 'PUJON', 31, '-7.850562', '112.481230'),
(3507, 3507320, 'NGANTANG', 32, '-7.846667', '112.371903'),
(3507, 3507330, 'KASEMBON', 33, '-7.783796', '112.311111');

-- --------------------------------------------------------

--
-- Table structure for table `sts_koperasi`
--

CREATE TABLE `sts_koperasi` (
  `idkoperasi` int(11) DEFAULT NULL,
  `stskoperasi` varchar(6) DEFAULT NULL
) ENGINE=InnoDB DEFAULT CHARSET=latin1 ROW_FORMAT=COMPACT;

--
-- Dumping data for table `sts_koperasi`
--

INSERT INTO `sts_koperasi` (`idkoperasi`, `stskoperasi`) VALUES
(1, 'Ya'),
(2, 'Tidak');

-- --------------------------------------------------------

--
-- Table structure for table `sumber_air`
--

CREATE TABLE `sumber_air` (
  `idsumberair` int(11) NOT NULL,
  `nama_sumberair` varchar(6) NOT NULL
) ENGINE=InnoDB DEFAULT CHARSET=latin1 ROW_FORMAT=COMPACT;

--
-- Dumping data for table `sumber_air`
--

INSERT INTO `sumber_air` (`idsumberair`, `nama_sumberair`) VALUES
(1, 'PDAM'),
(2, 'Sumur'),
(3, 'Sungai');

-- --------------------------------------------------------

--
-- Table structure for table `tbl_agama`
--

CREATE TABLE `tbl_agama` (
  `idagama` int(11) NOT NULL,
  `nama_agama` varchar(15) NOT NULL
) ENGINE=InnoDB DEFAULT CHARSET=utf8mb4 ROW_FORMAT=COMPACT;

--
-- Dumping data for table `tbl_agama`
--

INSERT INTO `tbl_agama` (`idagama`, `nama_agama`) VALUES
(1, 'Islam'),
(2, 'Kristen'),
(3, 'Katholik'),
(4, 'Hindu'),
(5, 'Budha'),
(6, 'Kong Hu Cu'),
(7, 'Lain-lain');

-- --------------------------------------------------------

--
-- Table structure for table `tbl_aktifitas`
--

CREATE TABLE `tbl_aktifitas` (
  `idaktifitas` int(11) NOT NULL,
  `nama_aktifitas` varchar(30) NOT NULL
) ENGINE=InnoDB DEFAULT CHARSET=latin1 ROW_FORMAT=COMPACT;

--
-- Dumping data for table `tbl_aktifitas`
--

INSERT INTO `tbl_aktifitas` (`idaktifitas`, `nama_aktifitas`) VALUES
(1, 'Pemanfaatan Tanah Pekarangan'),
(2, 'Industri Rumah Tangga'),
(3, 'Kerja Bakti');

-- --------------------------------------------------------

--
-- Table structure for table `tbl_beras`
--

CREATE TABLE `tbl_beras` (
  `idberas` smallint(6) NOT NULL,
  `stsberas` varchar(10) DEFAULT NULL
) ENGINE=InnoDB DEFAULT CHARSET=latin1 ROW_FORMAT=COMPACT;

--
-- Dumping data for table `tbl_beras`
--

INSERT INTO `tbl_beras` (`idberas`, `stsberas`) VALUES
(1, 'Beras'),
(2, 'Non Beras');

-- --------------------------------------------------------

--
-- Table structure for table `tbl_biodata`
--

CREATE TABLE `tbl_biodata` (
  `idbiodata` int(11) NOT NULL,
  `iddasawisma` int(11) DEFAULT NULL,
  `nort` varchar(15) DEFAULT NULL,
  `nik` varchar(16) DEFAULT NULL,
  `namalengkap` varchar(50) DEFAULT NULL,
  `jk` int(1) DEFAULT NULL,
  `tmplahir` varchar(50) DEFAULT NULL,
  `tgllahir` date DEFAULT NULL,
  `idstatuskeluarga` int(2) DEFAULT NULL,
  `idstatusperkawinan` int(1) DEFAULT NULL,
  `idagama` int(1) DEFAULT NULL,
  `idpendidikan` int(1) DEFAULT NULL,
  `idpekerjaan` int(2) DEFAULT NULL,
  `akseptorkb` int(1) DEFAULT NULL,
  `k_posyandu` int(1) DEFAULT NULL,
  `vol` varchar(30) DEFAULT NULL,
  `b_balita` int(1) DEFAULT '0',
  `tabungan` int(1) DEFAULT NULL,
  `idkelompokbelajar` int(1) DEFAULT NULL,
  `paud` int(1) DEFAULT NULL,
  `koperasi` int(1) DEFAULT NULL,
  `jeniskoperasi` varchar(30) DEFAULT NULL,
  `idpus` int(1) DEFAULT '2',
  `idwus` int(1) DEFAULT '2',
  `idhamil` int(1) DEFAULT '2',
  `idsusu` int(1) DEFAULT '2',
  `idbuta` int(1) DEFAULT '2',
  `idlansia` int(1) DEFAULT '2',
  `idkematian` int(255) NOT NULL,
  `update_date` date DEFAULT NULL,
  `create_date` date DEFAULT NULL
) ENGINE=InnoDB DEFAULT CHARSET=latin1 ROW_FORMAT=COMPACT;

--
-- Dumping data for table `tbl_biodata`
--

INSERT INTO `tbl_biodata` (`idbiodata`, `iddasawisma`, `nort`, `nik`, `namalengkap`, `jk`, `tmplahir`, `tgllahir`, `idstatuskeluarga`, `idstatusperkawinan`, `idagama`, `idpendidikan`, `idpekerjaan`, `akseptorkb`, `k_posyandu`, `vol`, `b_balita`, `tabungan`, `idkelompokbelajar`, `paud`, `koperasi`, `jeniskoperasi`, `idpus`, `idwus`, `idhamil`, `idsusu`, `idbuta`, `idlansia`, `idkematian`, `update_date`, `create_date`) VALUES
(21, 8, '04082022044151', '3573050311810018', 'Ahmad Yudha', 1, NULL, '1987-11-03', 1, 3, 4, 1, 1, 1, 1, NULL, 1, 1, 1, 1, 1, '', 2, 2, 2, 2, 2, 1, 0, '2022-09-30', NULL),
(23, 10, '15082022055249', '9874925236549', 'samiune', 1, NULL, '2022-08-02', 1, 1, 1, 1, 1, 1, 1, NULL, 1, 1, 1, 1, 1, '', 2, 2, 2, 2, 2, 2, 0, '2022-09-29', NULL),
(24, 10, '15082022055404', '2694524965652+5+', 'mukidi', 1, NULL, '2022-08-04', 1, 1, 1, 1, 10, 1, 1, NULL, 1, 1, 1, 1, 1, 'pelakor', 2, 2, 2, 2, 2, 2, 0, NULL, NULL),
(25, 10, '15082022055249', '1687676767675656', 'supaidi123', 1, NULL, '2022-08-01', 4, 3, 1, 1, 1, 1, 1, NULL, 1, 1, 1, 1, 1, '', 2, 2, 2, 1, 2, 2, 0, '2022-09-29', '2022-08-15'),
(26, 10, '15082022055249', '9898479646846464', 'supermi', 2, NULL, '2022-08-12', 1, 1, 6, 4, 1, 1, 1, NULL, 1, 1, 1, 2, 1, 'majulah', 2, 2, 2, 2, 2, 2, 0, NULL, '2022-08-15'),
(27, 8, '04082022044151', '00311613', 'Christian', 1, NULL, '2022-08-18', 3, 2, 1, 1, 1, 1, 1, NULL, 1, 1, 1, 1, 1, '', 2, 2, 2, 2, 2, 2, 0, NULL, '2022-08-18'),
(28, 8, '04082022044151', '222233445', '213232', 1, NULL, '2022-08-24', 4, 1, 1, 1, 1, 2, 2, NULL, 2, 2, 2, 2, 2, '', 2, 2, 2, 2, 2, 2, 0, '2022-10-04', '2022-08-24'),
(29, 8, '28092022193327', '3509190705010006', 'Muhammad Arif Billah', 1, NULL, '2001-05-07', 1, 2, 1, 9, 6, 2, 2, NULL, 2, 1, 1, 2, 1, '', 2, 2, 2, 1, 2, 2, 0, '2022-09-28', NULL),
(30, 8, '28092022193327', '3509190304030001', 'Li', 2, NULL, '2020-03-04', 4, 1, 1, 1, 1, 1, 1, NULL, 1, 1, 1, 1, 1, '', 2, 2, 2, 2, 2, 2, 0, '2022-10-01', '2022-09-28'),
(31, 8, '28092022193327', '3509190705010001', 'Ahnaf Edit', 1, NULL, '2014-07-05', 4, 1, 1, 2, 9, 2, 2, NULL, 1, 1, 1, 1, 2, '', 2, 2, 2, 2, 2, 2, 0, '2022-09-29', '2022-09-29'),
(33, 8, '04082022044151', '1234567890', 'Sri', 2, NULL, '1950-05-07', 5, 3, 1, 1, 1, 1, 1, NULL, 1, 1, 1, 1, 1, '', 2, 2, 2, 2, 2, 2, 0, '2022-09-30', '2022-09-30'),
(34, 8, '04082022044151', '5576757657', 'lol', 1, NULL, '2015-09-09', 1, 1, 1, 1, 1, 1, 1, NULL, 1, 1, 1, 1, 1, '', 1, 2, 1, 2, 2, 2, 0, '2022-10-02', '2022-09-30'),
(35, 8, '04102022070754', '987654321', 'Toni', 1, NULL, '1972-12-12', 1, 1, 1, 1, 1, 1, 1, NULL, 1, 1, 1, 1, 1, '', 2, 2, 2, 2, 2, 2, 0, NULL, NULL),
(36, 35, '06102022140503', '98764321', 'uwu1', 1, NULL, '1990-11-11', 1, 2, 1, 1, 1, 1, 1, NULL, 1, 1, 1, 1, 1, '', 2, 2, 2, 2, 2, 2, 0, NULL, NULL),
(37, 31, '09102022043915', '8745687685726384', 'Yono Sudirmono', 1, NULL, '1974-11-21', 1, 2, 1, 1, 1, 1, 1, NULL, 1, 1, 1, 1, 1, '', 2, 2, 2, 2, 2, 2, 0, NULL, NULL),
(38, 31, '09102022043921', '8745687685726384', 'Yono Sudirmono', 1, NULL, '1974-11-21', 1, 2, 1, 1, 1, 1, 1, NULL, 1, 1, 1, 1, 1, '', 2, 2, 2, 2, 2, 2, 0, NULL, NULL),
(39, 38, '09102022052113', '3509191234567890', 'Faisal', 1, NULL, '1974-05-05', 1, 2, 1, 1, 1, 1, 1, NULL, 1, 1, 1, 1, 1, '', 2, 2, 2, 2, 2, 2, 0, NULL, NULL),
(40, 46, '09102022062247', '3509192312315464', 'Hugeng', 1, NULL, '1988-11-11', 1, 1, 1, 1, 1, 1, 1, NULL, 1, 1, 1, 1, 1, '', 2, 2, 2, 2, 2, 2, 0, NULL, NULL),
(41, 46, '09102022062247', '3509191758701340', 'Sri', 2, NULL, '1980-06-06', 3, 2, 1, 1, 1, 1, 1, NULL, 1, 1, 1, 1, 1, '', 1, 1, 1, NULL, 1, 1, 0, '2022-10-09', '2022-10-09'),
(42, 8, '09102022134339', '3509196546547763', 'remi', 1, NULL, '1988-06-12', 1, 1, 1, 1, 1, 1, 1, NULL, 1, 1, 1, 1, 1, '', 2, 2, 2, 2, 2, 2, 0, NULL, NULL),
(43, 38, '09102022134513', '3509195645631432', 'alex', 1, NULL, '1999-12-12', 1, 1, 1, 1, 1, 1, 1, NULL, 1, 1, 1, 1, 1, '', 2, 2, 2, 2, 2, 2, 0, NULL, NULL),
(44, 8, '11102022110343', '9187498374987918', 'Mulio Dino', 1, NULL, '2000-01-01', 1, 1, 1, 7, 3, 1, 1, NULL, 1, 1, 1, 1, 1, '', 2, 2, 2, 2, 2, 2, 0, NULL, NULL);

-- --------------------------------------------------------

--
-- Table structure for table `tbl_buta`
--

CREATE TABLE `tbl_buta` (
  `idbuta` int(1) DEFAULT NULL,
  `namabuta` varchar(6) DEFAULT NULL
) ENGINE=InnoDB DEFAULT CHARSET=latin1 ROW_FORMAT=COMPACT;

--
-- Dumping data for table `tbl_buta`
--

INSERT INTO `tbl_buta` (`idbuta`, `namabuta`) VALUES
(1, 'Ya'),
(2, 'Tidak');

-- --------------------------------------------------------

--
-- Table structure for table `tbl_dasawisma`
--

CREATE TABLE `tbl_dasawisma` (
  `iddasawisma` int(11) NOT NULL,
  `nama_dasawisma` varchar(100) DEFAULT NULL,
  `kd_kec` varchar(8) DEFAULT NULL,
  `kd_desa` varchar(10) DEFAULT NULL,
  `rw` varchar(3) DEFAULT NULL,
  `rt` varchar(3) DEFAULT NULL
) ENGINE=InnoDB DEFAULT CHARSET=latin1 ROW_FORMAT=COMPACT;

--
-- Dumping data for table `tbl_dasawisma`
--

INSERT INTO `tbl_dasawisma` (`iddasawisma`, `nama_dasawisma`, `kd_kec`, `kd_desa`, `rw`, `rt`) VALUES
(3, 'Maju Jaya Sentosa', '3507010', '3507010005', '001', '002'),
(8, 'Maju Jaya Mapan', '3507040', '3507040005', '001', '002'),
(9, 'majumundur', '3507240', '3507240008', '04', '3'),
(10, 'Dasawisma-Langlang', '3507280', '3507280001', '001', '001'),
(11, 'Dasawisma-Tunjungtirto', '3507280', '3507280002', '001', '001'),
(12, 'Dasawisma-Banjararum', '3507280', '3507280003', '001', '001'),
(13, 'Dasawisma-Watugede', '3507280', '3507280004', '001', '001'),
(14, 'Dasawisma-Dengkol', '3507280', '3507280005', '001', '001'),
(15, 'Dasawisma-Wonorejo', '3507280', '3507280006', '001', '001'),
(16, 'Dasawisma-Baturetno', '3507280', '3507280007', '001', '001'),
(17, 'Dasawisma-Tamanharjo', '3507280', '3507280008', '001', '001'),
(18, 'Dasawisma-Losari', '3507280', '3507280009', '001', '001'),
(19, 'Dasawisma-Pagentan', '3507280', '3507280010', '001', '001'),
(20, 'Dasawisma-Purwoasri', '3507280', '3507280011', '001', '001'),
(21, 'Dasawisma-Klampok', '3507280', '3507280012', '001', '001'),
(22, 'Dasawisma-Gunungrejo', '3507280', '3507280013', '001', '001'),
(23, 'Dasawisma-Candirenggo', '3507280', '3507280014', '001', '001'),
(24, 'Dasawisma-Ardimulyo', '3507280', '3507280015', '001', '001'),
(25, 'Dasawisma-Randuagung', '3507280', '3507280016', '001', '001'),
(26, 'Dasawisma-Toyomarto', '3507280', '3507280017', '001', '001'),
(27, 'Coba', '3507100', '3507100001', '005', '002'),
(28, 'Dasawisma gatau', '3507130', '3507130013', '001', '002'),
(29, 'Dasawisma tigapuluh', '3507120', '3507120016', '001', '002'),
(30, 'Dasawisma sepuluh', '3507120', '3507120016', '001', '002'),
(31, 'Dasawisma tigaratus', '3507080', '3507080010', '001', '002'),
(32, 'Dasawisma tigaratus', '3507080', '3507080010', '001', '002'),
(33, 'Dasawisma gatau', '3507100', '3507100013', '005', '005'),
(34, 'Dasawisma tigaratus', '3507080', '3507080001', '001', '005'),
(35, 'uwuuwuuw', '3507080', '3507080001', '001', '002'),
(36, 'asdasd', '3507010', '3507010001', '11', '11'),
(37, 'SegerBaru', '3507010', '3507010001', '002', '005'),
(38, 'SegerBaru', '3507010', '3507010001', '005', '002'),
(39, 'cobakec', '3507060', '3507060001', '111', '111'),
(40, 'cobakec', '3507060', '3507060001', '111', '111'),
(41, 'cobakec', '3507060', '3507060001', '111', '111'),
(42, 'cobakec', '3507060', '3507060001', '111', '111'),
(43, 'cobakec', '3507060', '3507060001', '111', '111'),
(44, 'cobakec', '3507060', '3507060001', '111', '111'),
(45, 'cobakec', '3507060', '3507060001', '111', '111'),
(46, 'cobakec', '3507060', '3507060001', '111', '111'),
(47, 'cobades', '3507010', '3507010005', '001', '002'),
(48, 'Dasawisma gatau', '3507080', '3507080001', '005', '005'),
(49, 'Dasawisma gatau', '3507080', '3507080001', '005', '005'),
(50, 'Dimana Saja', '3507110', '3507110001', '001', '001'),
(51, 'Dimana Saja', '3507110', '3507110001', '001', '001'),
(52, 'rw', '3507040', '3507040001', '002', '005');

-- --------------------------------------------------------

--
-- Table structure for table `tbl_hamil`
--

CREATE TABLE `tbl_hamil` (
  `idhamil` int(1) DEFAULT NULL,
  `namahamil` varchar(6) DEFAULT NULL
) ENGINE=InnoDB DEFAULT CHARSET=latin1 ROW_FORMAT=COMPACT;

--
-- Dumping data for table `tbl_hamil`
--

INSERT INTO `tbl_hamil` (`idhamil`, `namahamil`) VALUES
(1, 'Ya'),
(2, 'Tidak');

-- --------------------------------------------------------

--
-- Table structure for table `tbl_hub`
--

CREATE TABLE `tbl_hub` (
  `idHub` int(11) NOT NULL,
  `nama_hub` varchar(15) NOT NULL
) ENGINE=InnoDB DEFAULT CHARSET=utf8mb4 ROW_FORMAT=COMPACT;

--
-- Dumping data for table `tbl_hub`
--

INSERT INTO `tbl_hub` (`idHub`, `nama_hub`) VALUES
(1, 'Kepala Keluarga'),
(2, 'Suami'),
(3, 'Istri'),
(4, 'Anak'),
(5, 'Lain-lain');

-- --------------------------------------------------------

--
-- Table structure for table `tbl_jk`
--

CREATE TABLE `tbl_jk` (
  `idjk` int(11) NOT NULL,
  `nama_jk` varchar(10) NOT NULL
) ENGINE=InnoDB DEFAULT CHARSET=utf8mb4 ROW_FORMAT=COMPACT;

--
-- Dumping data for table `tbl_jk`
--

INSERT INTO `tbl_jk` (`idjk`, `nama_jk`) VALUES
(1, 'Laki-laki'),
(2, 'Perempuan');

-- --------------------------------------------------------

--
-- Table structure for table `tbl_jkn`
--

CREATE TABLE `tbl_jkn` (
  `idjkn` int(11) NOT NULL,
  `nama_jkn` varchar(15) NOT NULL
) ENGINE=InnoDB DEFAULT CHARSET=utf8mb4 ROW_FORMAT=COMPACT;

--
-- Dumping data for table `tbl_jkn`
--

INSERT INTO `tbl_jkn` (`idjkn`, `nama_jkn`) VALUES
(1, 'BPJS - PBI '),
(2, 'BPJS - Non PBI'),
(3, 'Non - BPJS'),
(4, 'Tidak Memiliki');

-- --------------------------------------------------------

--
-- Table structure for table `tbl_keluarga`
--

CREATE TABLE `tbl_keluarga` (
  `idkeluarga` bigint(20) NOT NULL,
  `iddasawisma` bigint(20) DEFAULT NULL,
  `nort` varchar(15) DEFAULT NULL,
  `kd_desa` varchar(10) DEFAULT NULL,
  `kd_kec` varchar(10) DEFAULT NULL,
  `rt` varchar(3) DEFAULT NULL,
  `rw` varchar(3) DEFAULT NULL,
  `dusun` varchar(100) DEFAULT NULL,
  `nik` varchar(20) DEFAULT NULL,
  `beras` int(11) DEFAULT NULL,
  `jenis_beras` varchar(25) DEFAULT NULL,
  `jamban` int(11) DEFAULT NULL,
  `jml` int(11) DEFAULT '0',
  `sumber_air` bigint(1) DEFAULT NULL,
  `sumber_air_lain` varchar(20) DEFAULT NULL,
  `tps` int(11) DEFAULT NULL,
  `saluran_limbah` int(11) DEFAULT NULL,
  `stiker` int(11) DEFAULT NULL,
  `kriteria_rumah` int(11) DEFAULT NULL,
  `aktifitas` int(11) DEFAULT NULL,
  `aktifitas_lain` varchar(50) DEFAULT NULL,
  `aktifitas_usaha_lingkungan` int(11) DEFAULT NULL,
  `create_date` datetime DEFAULT NULL,
  `create_by` bigint(20) DEFAULT NULL,
  `update_date` datetime DEFAULT NULL
) ENGINE=InnoDB DEFAULT CHARSET=latin1 ROW_FORMAT=COMPACT;

--
-- Dumping data for table `tbl_keluarga`
--

INSERT INTO `tbl_keluarga` (`idkeluarga`, `iddasawisma`, `nort`, `kd_desa`, `kd_kec`, `rt`, `rw`, `dusun`, `nik`, `beras`, `jenis_beras`, `jamban`, `jml`, `sumber_air`, `sumber_air_lain`, `tps`, `saluran_limbah`, `stiker`, `kriteria_rumah`, `aktifitas`, `aktifitas_lain`, `aktifitas_usaha_lingkungan`, `create_date`, `create_by`, `update_date`) VALUES
(15, 8, '04082022044151', '3507040005', '3507040', '002', '001', 'Patraland Place D1-5', '3573050311810018', 1, 'tes', 1, 5, 2, 'tes', 1, 1, 2, 1, 2, 'tes', 3, '2022-08-04 00:00:00', NULL, '2022-08-25 00:00:00'),
(16, 10, '15082022055249', '3507280001', '3507280', '003', '005', 'sopo maju', '9874925236549', 1, 'pohong', 1, 4, 1, 'sunagi', 1, 1, 1, 1, 1, 'gewergw', 1, '2022-08-15 00:00:00', NULL, NULL),
(17, 10, '15082022055404', '3507280001', '3507280', '001', '001', 'tes dusun', '2694524965652+5+', 1, 'tebu', 1, 9, 1, 'air alam', 1, 1, 1, 1, 1, 'btvrrwge', 1, '2022-08-15 00:00:00', NULL, NULL),
(18, 8, '28092022193327', '3507040005', '3507040', '002', '001', '', '3509190705010006', 1, '', 1, 2, 1, '', 1, 1, 1, 1, 1, '', 1, '2022-09-28 00:00:00', NULL, NULL),
(19, 8, '04102022070754', '3507040005', '3507040', '002', '001', '', '987654321', 1, '', 1, 1, 1, '', 1, 1, 1, 1, 1, '', 1, '2022-10-04 00:00:00', NULL, NULL),
(20, 35, '06102022140503', '3507080001', '3507080', '002', '001', '', '98764321', 1, '', 1, 1, 1, '', 1, 1, 1, 1, 1, '', 1, '2022-10-06 00:00:00', NULL, NULL),
(21, 31, '09102022043915', NULL, '3507080', '002', '001', '', '8745687685726384', 1, '', 1, 1, 1, '', 1, 1, 1, 1, 1, '', 1, '2022-10-09 00:00:00', NULL, NULL),
(22, 31, '09102022043921', NULL, '3507080', '002', '001', '', '8745687685726384', 1, '', 1, 1, 1, '', 1, 1, 1, 1, 1, '', 1, '2022-10-09 00:00:00', NULL, NULL),
(23, 38, '09102022052113', NULL, '3507010', '002', '005', '', '3509191234567890', 1, '', 1, 1, 1, '', 1, 1, 1, 1, 1, '', 1, '2022-10-09 00:00:00', NULL, NULL),
(24, 46, '09102022062247', NULL, '3507060', '111', '111', '', '3509192312315464', 1, '', 1, 1, 1, '', 1, 1, 1, 1, 1, '', 1, '2022-10-09 00:00:00', NULL, NULL),
(25, 8, '09102022134339', NULL, '3507040', '002', '001', '', '3509196546547763', 1, '', 1, 1, 1, '', 1, 1, 1, 1, 1, '', 1, '2022-10-09 00:00:00', NULL, NULL),
(26, 38, '09102022134513', NULL, '3507010', '002', '005', '', '3509195645631432', 1, '', 1, 1, 1, '', 1, 1, 1, 1, 1, '', 1, '2022-10-09 00:00:00', NULL, NULL),
(27, 8, '11102022110343', '3507040005', '3507040', '002', '001', '', '9187498374987918', 1, '', 1, 1, 1, '', 1, 1, 1, 1, 1, '', 1, '2022-10-11 00:00:00', NULL, NULL);

-- --------------------------------------------------------

--
-- Table structure for table `tbl_lansia`
--

CREATE TABLE `tbl_lansia` (
  `idlansia` int(1) DEFAULT NULL,
  `namalansia` varchar(6) DEFAULT NULL
) ENGINE=InnoDB DEFAULT CHARSET=latin1 ROW_FORMAT=COMPACT;

--
-- Dumping data for table `tbl_lansia`
--

INSERT INTO `tbl_lansia` (`idlansia`, `namalansia`) VALUES
(1, 'Ya'),
(2, 'Tidak');

-- --------------------------------------------------------

--
-- Table structure for table `tbl_login`
--

CREATE TABLE `tbl_login` (
  `idlogin` int(11) NOT NULL,
  `username` varchar(50) DEFAULT NULL,
  `password` varchar(50) DEFAULT NULL,
  `id_role` int(25) NOT NULL,
  `iddasawisma` int(11) DEFAULT NULL,
  `namalengkap` varchar(50) DEFAULT NULL,
  `alamat` varchar(100) DEFAULT NULL,
  `notelp` varchar(14) DEFAULT NULL,
  `email` varchar(50) DEFAULT NULL,
  `sts` bigint(1) DEFAULT '0'
) ENGINE=InnoDB DEFAULT CHARSET=latin1 ROW_FORMAT=COMPACT;

--
-- Dumping data for table `tbl_login`
--

INSERT INTO `tbl_login` (`idlogin`, `username`, `password`, `id_role`, `iddasawisma`, `namalengkap`, `alamat`, `notelp`, `email`, `sts`) VALUES
(1, 'yudha', '81dc9bdb52d04dc20036dbd8313ed055', 1, 8, 'yudha', 'malang', '081555683686', 'yudha350237@gmail.com', 3),
(2, 'dasawisma-langlang', '81dc9bdb52d04dc20036dbd8313ed055', 0, 10, 'dasawisma-langlang', NULL, '081555683686', 'yudha350237@gmail.com', 0),
(3, 'dasawisma-tunjungtirto', '81dc9bdb52d04dc20036dbd8313ed055', 0, 11, 'dasawisma-tunjungtirto', NULL, '081555683686', 'yudha350237@gmail.com', 0),
(4, 'dasawisma-banjararum', '81dc9bdb52d04dc20036dbd8313ed055', 0, 12, 'dasawisma-banjararum', NULL, '081555683686', 'yudha350237@gmail.com', 0),
(5, 'dasawisma-watugede', '81dc9bdb52d04dc20036dbd8313ed055', 0, 13, 'dasawisma-watugede', NULL, '081555683686', 'yudha350237@gmail.com', 0),
(6, 'dasawisma-dengkol', '81dc9bdb52d04dc20036dbd8313ed055', 0, 14, 'dasawisma-dengkol', NULL, '081555683686', 'yudha350237@gmail.com', 0),
(7, 'dasawisma-wonorejo', '81dc9bdb52d04dc20036dbd8313ed055', 0, 15, 'dasawisma-wonorejo', NULL, '081555683686', 'yudha350237@gmail.com', 0),
(8, 'dasawisma-baturetno', '81dc9bdb52d04dc20036dbd8313ed055', 0, 16, 'dasawisma-baturetno', NULL, '081555683686', 'yudha350237@gmail.com', 0),
(9, 'dasawisma-tamanharjo', '81dc9bdb52d04dc20036dbd8313ed055', 0, 17, 'dasawisma-tamanharjo', NULL, '081555683686', 'yudha350237@gmail.com', 0),
(10, 'dasawisma-losari', '81dc9bdb52d04dc20036dbd8313ed055', 0, 18, 'dasawisma-losari', NULL, '081555683686', 'yudha350237@gmail.com', 0),
(11, 'dasawisma-pagentan', '81dc9bdb52d04dc20036dbd8313ed055', 0, 19, 'dasawisma-pagentan', NULL, '081555683686', 'yudha350237@gmail.com', 0),
(12, 'dasawisma-purwoasri', '81dc9bdb52d04dc20036dbd8313ed055', 0, 20, 'dasawisma-purwoasri', NULL, '081555683686', 'yudha350237@gmail.com', 0),
(13, 'dasawisma-klampok', '81dc9bdb52d04dc20036dbd8313ed055', 0, 21, 'dasawisma-klampok', NULL, '081555683686', 'yudha350237@gmail.com', 0),
(14, 'dasawisma-gunungrejo', '81dc9bdb52d04dc20036dbd8313ed055', 0, 22, 'dasawisma-gunungrejo', NULL, '081555683686', 'yudha350237@gmail.com', 0),
(15, 'dasawisma-candirenggo', '81dc9bdb52d04dc20036dbd8313ed055', 0, 23, 'dasawisma-candirenggo', NULL, '081555683686', 'yudha350237@gmail.com', 0),
(16, 'dasawisma-ardimulyo', '81dc9bdb52d04dc20036dbd8313ed055', 0, 24, 'dasawisma-ardimulyo', NULL, '081555683686', 'yudha350237@gmail.com', 0),
(17, 'dasawisma-randuagung', '81dc9bdb52d04dc20036dbd8313ed055', 0, 25, 'dasawisma-randuagung', NULL, '081555683686', 'yudha350237@gmail.com', 0),
(18, 'dasawisma-toyomarto', '81dc9bdb52d04dc20036dbd8313ed055', 0, 26, 'dasawisma-toyomarto', NULL, '081555683686', 'yudha350237@gmail.com', 0),
(19, 'test kec', '81dc9bdb52d04dc20036dbd8313ed055', 2, 31, NULL, NULL, NULL, NULL, 1),
(20, 'test des', '81dc9bdb52d04dc20036dbd8313ed055', 3, 32, NULL, NULL, NULL, NULL, 0),
(21, 'test rw', '81dc9bdb52d04dc20036dbd8313ed055', 4, 33, NULL, NULL, NULL, NULL, 0),
(22, 'test1', '81dc9bdb52d04dc20036dbd8313ed055', 2, 34, NULL, NULL, NULL, NULL, 0),
(23, 'uwu', '81dc9bdb52d04dc20036dbd8313ed055', 1, 35, 'uwuuwu', 'uwuland', '123456789', 'uwu@uwu.com', 0),
(24, 'asdasd', 'a8f5f167f44f4964e6c998dee827110c', 2, 36, 'asdasd', 'asdasd', '090909', 'asd@gmail.com', 0),
(26, 'admin_donomulyo', '81dc9bdb52d04dc20036dbd8313ed055', 2, 38, 'Admin Donomulyo', 'Malang', '081234567890', 'email@email.com', 1),
(34, 'cobakec', '81dc9bdb52d04dc20036dbd8313ed055', 2, 46, 'cobakec', 'malang', '', '', 1),
(35, 'cobades', '81dc9bdb52d04dc20036dbd8313ed055', 3, 47, 'cobades', 'malang', '', '', 0),
(37, 'farhan', 'd1bbb2af69fd350b6d6bd88655757b47', 5, 49, 'farhan', 'jember', '089898989898', 'Farhan@gmail.com', NULL),
(39, 'bila', '6341fd65fc1d7b26ddbcb4bee3a14ffa', 5, 51, 'bila', 'bila', '0812345678', 'bila@gmail.com', 4),
(40, 'rw', '038c0dc8a958ffea17af047244fb6960', 4, 52, 'rw', 'rw', '123', 'rw@re.com', 3);

-- --------------------------------------------------------

--
-- Table structure for table `tbl_pekerjaan`
--

CREATE TABLE `tbl_pekerjaan` (
  `idpekerjaan` int(11) NOT NULL,
  `nama_pekerjaan` varchar(30) NOT NULL
) ENGINE=InnoDB DEFAULT CHARSET=utf8mb4 ROW_FORMAT=COMPACT;

--
-- Dumping data for table `tbl_pekerjaan`
--

INSERT INTO `tbl_pekerjaan` (`idpekerjaan`, `nama_pekerjaan`) VALUES
(1, 'Petani'),
(2, 'Nelayan'),
(3, 'Pedagang'),
(4, 'PNS/TNI/Polri'),
(5, 'Pegawai Swasta'),
(6, 'Wiraswasta'),
(7, 'Pensiunan'),
(8, 'Pekerja Lepas'),
(9, 'Tidak/Belum Bekerja'),
(10, 'Lainnya');

-- --------------------------------------------------------

--
-- Table structure for table `tbl_pendidikan`
--

CREATE TABLE `tbl_pendidikan` (
  `idpendidikan` int(11) NOT NULL,
  `nama_pendidikan` varchar(20) NOT NULL
) ENGINE=InnoDB DEFAULT CHARSET=utf8mb4 ROW_FORMAT=COMPACT;

--
-- Dumping data for table `tbl_pendidikan`
--

INSERT INTO `tbl_pendidikan` (`idpendidikan`, `nama_pendidikan`) VALUES
(1, 'Tidak Tamat SD/MI'),
(2, 'Masih SD/MI'),
(3, 'Tamat SD/MI'),
(4, 'Masih SLTP/MTSN'),
(5, 'Tamat SLTP/MTSN'),
(6, 'Masih SLTA/MA'),
(7, 'Tamat SLTA/MA'),
(8, 'Masih PT/Akademi'),
(9, 'Tamat PT/Akademi'),
(10, 'Tidak/Belum Sekolah');

-- --------------------------------------------------------

--
-- Table structure for table `tbl_pus`
--

CREATE TABLE `tbl_pus` (
  `idpus` int(1) DEFAULT NULL,
  `namapus` varchar(6) DEFAULT NULL
) ENGINE=InnoDB DEFAULT CHARSET=latin1 ROW_FORMAT=COMPACT;

--
-- Dumping data for table `tbl_pus`
--

INSERT INTO `tbl_pus` (`idpus`, `namapus`) VALUES
(1, 'Ya'),
(2, 'Tidak');

-- --------------------------------------------------------

--
-- Table structure for table `tbl_role`
--

CREATE TABLE `tbl_role` (
  `id_role` int(2) NOT NULL,
  `nama_role` varchar(50) NOT NULL
) ENGINE=InnoDB DEFAULT CHARSET=latin1;

--
-- Dumping data for table `tbl_role`
--

INSERT INTO `tbl_role` (`id_role`, `nama_role`) VALUES
(1, 'Admin Super'),
(2, 'Admin Kecamatan'),
(3, 'Admin Desa'),
(4, 'Admin Rw'),
(5, 'Admin Rt');

-- --------------------------------------------------------

--
-- Table structure for table `tbl_spl`
--

CREATE TABLE `tbl_spl` (
  `idspl` int(11) NOT NULL,
  `nama_spl` varchar(5) NOT NULL
) ENGINE=InnoDB DEFAULT CHARSET=latin1 ROW_FORMAT=COMPACT;

--
-- Dumping data for table `tbl_spl`
--

INSERT INTO `tbl_spl` (`idspl`, `nama_spl`) VALUES
(1, 'Ya'),
(2, 'Tidak');

-- --------------------------------------------------------

--
-- Table structure for table `tbl_stiker`
--

CREATE TABLE `tbl_stiker` (
  `idstiker` int(11) NOT NULL,
  `nama_stiker` varchar(5) NOT NULL
) ENGINE=InnoDB DEFAULT CHARSET=latin1 ROW_FORMAT=COMPACT;

--
-- Dumping data for table `tbl_stiker`
--

INSERT INTO `tbl_stiker` (`idstiker`, `nama_stiker`) VALUES
(1, 'Ya'),
(2, 'Tidak');

-- --------------------------------------------------------

--
-- Table structure for table `tbl_stskawin`
--

CREATE TABLE `tbl_stskawin` (
  `idstskawin` int(11) NOT NULL,
  `nama_stskawin` varchar(15) NOT NULL
) ENGINE=InnoDB DEFAULT CHARSET=utf8mb4 ROW_FORMAT=COMPACT;

--
-- Dumping data for table `tbl_stskawin`
--

INSERT INTO `tbl_stskawin` (`idstskawin`, `nama_stskawin`) VALUES
(1, 'Belum Kawin'),
(2, 'Kawin'),
(3, 'Janda/Duda');

-- --------------------------------------------------------

--
-- Table structure for table `tbl_susu`
--

CREATE TABLE `tbl_susu` (
  `idsusu` int(1) DEFAULT NULL,
  `namasusu` varchar(6) DEFAULT NULL
) ENGINE=InnoDB DEFAULT CHARSET=latin1 ROW_FORMAT=COMPACT;

--
-- Dumping data for table `tbl_susu`
--

INSERT INTO `tbl_susu` (`idsusu`, `namasusu`) VALUES
(1, 'Ya'),
(2, 'Tidak');

-- --------------------------------------------------------

--
-- Table structure for table `tbl_tabungan`
--

CREATE TABLE `tbl_tabungan` (
  `idtabungan` int(11) NOT NULL,
  `nama_tabungan` varchar(5) NOT NULL
) ENGINE=InnoDB DEFAULT CHARSET=latin1 ROW_FORMAT=COMPACT;

--
-- Dumping data for table `tbl_tabungan`
--

INSERT INTO `tbl_tabungan` (`idtabungan`, `nama_tabungan`) VALUES
(1, 'Ya'),
(2, 'Tidak');

-- --------------------------------------------------------

--
-- Table structure for table `tbl_tps`
--

CREATE TABLE `tbl_tps` (
  `idtps` int(11) NOT NULL,
  `nama_tps` varchar(5) NOT NULL
) ENGINE=InnoDB DEFAULT CHARSET=latin1 ROW_FORMAT=COMPACT;

--
-- Dumping data for table `tbl_tps`
--

INSERT INTO `tbl_tps` (`idtps`, `nama_tps`) VALUES
(1, 'Ya'),
(2, 'Tidak');

-- --------------------------------------------------------

--
-- Table structure for table `tbl_up2k`
--

CREATE TABLE `tbl_up2k` (
  `idup2k` int(11) NOT NULL,
  `nama_up2k` varchar(5) NOT NULL
) ENGINE=InnoDB DEFAULT CHARSET=latin1 ROW_FORMAT=COMPACT;

--
-- Dumping data for table `tbl_up2k`
--

INSERT INTO `tbl_up2k` (`idup2k`, `nama_up2k`) VALUES
(1, 'Ya'),
(2, 'Tidak');

-- --------------------------------------------------------

--
-- Table structure for table `tbl_wus`
--

CREATE TABLE `tbl_wus` (
  `idwus` int(1) DEFAULT NULL,
  `namawus` varchar(6) DEFAULT NULL
) ENGINE=InnoDB DEFAULT CHARSET=latin1 ROW_FORMAT=COMPACT;

--
-- Dumping data for table `tbl_wus`
--

INSERT INTO `tbl_wus` (`idwus`, `namawus`) VALUES
(1, 'Ya'),
(2, 'Tidak');

-- --------------------------------------------------------

--
-- Stand-in structure for view `view_biodata`
--
CREATE TABLE `view_biodata` (
`idbiodata` int(11)
,`iddasawisma` int(11)
,`nort` varchar(15)
,`nik` varchar(16)
,`namalengkap` varchar(50)
,`jk` int(1)
,`tmplahir` varchar(50)
,`tgllahir` date
,`idstatuskeluarga` int(2)
,`idstatusperkawinan` int(1)
,`idagama` int(1)
,`idpendidikan` int(1)
,`idpekerjaan` int(2)
,`akseptorkb` int(1)
,`k_posyandu` int(1)
,`vol` varchar(30)
,`b_balita` int(1)
,`tabungan` int(1)
,`idkelompokbelajar` int(1)
,`paud` int(1)
,`koperasi` int(1)
,`jeniskoperasi` varchar(30)
,`idpus` int(1)
,`idwus` int(1)
,`idhamil` int(1)
,`idsusu` int(1)
,`idbuta` int(1)
,`idlansia` int(1)
,`update_date` date
,`create_date` date
,`nama_hub` varchar(15)
,`nama_jk` varchar(10)
,`nama_pekerjaan` varchar(30)
,`nama_stskawin` varchar(15)
,`nama_pendidikan` varchar(20)
,`namapus` varchar(6)
,`namawus` varchar(6)
,`namasusu` varchar(6)
,`namahamil` varchar(6)
,`namabuta` varchar(6)
,`namalansia` varchar(6)
,`idHub` int(11)
);

-- --------------------------------------------------------

--
-- Stand-in structure for view `view_dasawisma`
--
CREATE TABLE `view_dasawisma` (
`iddasawisma` int(11)
,`nama_dasawisma` varchar(100)
,`kd_kec` varchar(8)
,`nm_kec` varchar(100)
,`kd_desa` varchar(10)
,`nm_desa` varchar(100)
,`rw` varchar(3)
,`rt` varchar(3)
);

-- --------------------------------------------------------

--
-- Stand-in structure for view `view_rekap`
--
CREATE TABLE `view_rekap` (
`idbiodata` int(11)
,`nort` varchar(15)
,`nik` varchar(16)
,`namalengkap` varchar(50)
,`jk` int(1)
,`tmplahir` varchar(50)
,`tgllahir` date
,`idstatuskeluarga` int(2)
,`idstatusperkawinan` int(1)
,`idagama` int(1)
,`idpendidikan` int(1)
,`idpekerjaan` int(2)
,`akseptorkb` int(1)
,`k_posyandu` int(1)
,`vol` varchar(30)
,`b_balita` int(1)
,`tabungan` int(1)
,`idkelompokbelajar` int(1)
,`paud` int(1)
,`koperasi` int(1)
,`jeniskoperasi` varchar(30)
,`idpus` int(1)
,`idwus` int(1)
,`idhamil` int(1)
,`idsusu` int(1)
,`idbuta` int(1)
,`idlansia` int(1)
,`beras` int(11)
,`jenis_beras` varchar(25)
,`jamban` int(11)
,`jml` int(11)
,`sumber_air` bigint(1)
,`sumber_air_lain` varchar(20)
,`tps` int(11)
,`saluran_limbah` int(11)
,`stiker` int(11)
,`kriteria_rumah` int(11)
,`aktifitas` int(11)
,`aktifitas_lain` varchar(50)
,`aktifitas_usaha_lingkungan` int(11)
,`nama_dasawisma` varchar(100)
,`nm_desa` varchar(100)
,`kd_kec` varchar(8)
,`kd_desa` varchar(10)
,`rw` varchar(3)
,`rt` varchar(3)
,`iddasawisma` int(11)
,`dusun` varchar(100)
,`idkeluarga` bigint(20)
);

-- --------------------------------------------------------

--
-- Structure for view `view_biodata`
--
DROP TABLE IF EXISTS `view_biodata`;

CREATE ALGORITHM=UNDEFINED DEFINER=`root`@`localhost` SQL SECURITY DEFINER VIEW `view_biodata`  AS  select `tbl_biodata`.`idbiodata` AS `idbiodata`,`tbl_biodata`.`iddasawisma` AS `iddasawisma`,`tbl_biodata`.`nort` AS `nort`,`tbl_biodata`.`nik` AS `nik`,`tbl_biodata`.`namalengkap` AS `namalengkap`,`tbl_biodata`.`jk` AS `jk`,`tbl_biodata`.`tmplahir` AS `tmplahir`,`tbl_biodata`.`tgllahir` AS `tgllahir`,`tbl_biodata`.`idstatuskeluarga` AS `idstatuskeluarga`,`tbl_biodata`.`idstatusperkawinan` AS `idstatusperkawinan`,`tbl_biodata`.`idagama` AS `idagama`,`tbl_biodata`.`idpendidikan` AS `idpendidikan`,`tbl_biodata`.`idpekerjaan` AS `idpekerjaan`,`tbl_biodata`.`akseptorkb` AS `akseptorkb`,`tbl_biodata`.`k_posyandu` AS `k_posyandu`,`tbl_biodata`.`vol` AS `vol`,`tbl_biodata`.`b_balita` AS `b_balita`,`tbl_biodata`.`tabungan` AS `tabungan`,`tbl_biodata`.`idkelompokbelajar` AS `idkelompokbelajar`,`tbl_biodata`.`paud` AS `paud`,`tbl_biodata`.`koperasi` AS `koperasi`,`tbl_biodata`.`jeniskoperasi` AS `jeniskoperasi`,`tbl_biodata`.`idpus` AS `idpus`,`tbl_biodata`.`idwus` AS `idwus`,`tbl_biodata`.`idhamil` AS `idhamil`,`tbl_biodata`.`idsusu` AS `idsusu`,`tbl_biodata`.`idbuta` AS `idbuta`,`tbl_biodata`.`idlansia` AS `idlansia`,`tbl_biodata`.`update_date` AS `update_date`,`tbl_biodata`.`create_date` AS `create_date`,`tbl_hub`.`nama_hub` AS `nama_hub`,`tbl_jk`.`nama_jk` AS `nama_jk`,`tbl_pekerjaan`.`nama_pekerjaan` AS `nama_pekerjaan`,`tbl_stskawin`.`nama_stskawin` AS `nama_stskawin`,`tbl_pendidikan`.`nama_pendidikan` AS `nama_pendidikan`,`tbl_pus`.`namapus` AS `namapus`,`tbl_wus`.`namawus` AS `namawus`,`tbl_susu`.`namasusu` AS `namasusu`,`tbl_hamil`.`namahamil` AS `namahamil`,`tbl_buta`.`namabuta` AS `namabuta`,`tbl_lansia`.`namalansia` AS `namalansia`,`tbl_hub`.`idHub` AS `idHub` from (((((((((((`tbl_biodata` join `tbl_jk` on((`tbl_biodata`.`jk` = `tbl_jk`.`idjk`))) join `tbl_hub` on((`tbl_biodata`.`idstatuskeluarga` = `tbl_hub`.`idHub`))) join `tbl_pekerjaan` on((`tbl_biodata`.`idpekerjaan` = `tbl_pekerjaan`.`idpekerjaan`))) join `tbl_pendidikan` on((`tbl_biodata`.`idpendidikan` = `tbl_pendidikan`.`idpendidikan`))) join `tbl_stskawin` on((`tbl_biodata`.`idstatusperkawinan` = `tbl_stskawin`.`idstskawin`))) join `tbl_pus` on((`tbl_biodata`.`idpus` = `tbl_pus`.`idpus`))) join `tbl_wus` on((`tbl_biodata`.`idwus` = `tbl_wus`.`idwus`))) join `tbl_susu` on((`tbl_biodata`.`idsusu` = `tbl_susu`.`idsusu`))) join `tbl_hamil` on((`tbl_biodata`.`idhamil` = `tbl_hamil`.`idhamil`))) join `tbl_buta` on((`tbl_biodata`.`idbuta` = `tbl_buta`.`idbuta`))) join `tbl_lansia` on((`tbl_biodata`.`idlansia` = `tbl_lansia`.`idlansia`))) ;

-- --------------------------------------------------------

--
-- Structure for view `view_dasawisma`
--
DROP TABLE IF EXISTS `view_dasawisma`;

CREATE ALGORITHM=UNDEFINED DEFINER=`root`@`localhost` SQL SECURITY DEFINER VIEW `view_dasawisma`  AS  select `tbl_dasawisma`.`iddasawisma` AS `iddasawisma`,`tbl_dasawisma`.`nama_dasawisma` AS `nama_dasawisma`,`tbl_dasawisma`.`kd_kec` AS `kd_kec`,`mst_kec`.`nm_kec` AS `nm_kec`,`tbl_dasawisma`.`kd_desa` AS `kd_desa`,`mst_desa`.`nm_desa` AS `nm_desa`,`tbl_dasawisma`.`rw` AS `rw`,`tbl_dasawisma`.`rt` AS `rt` from ((`mst_desa` join `tbl_dasawisma` on((`mst_desa`.`id_desa` = `tbl_dasawisma`.`kd_desa`))) join `mst_kec` on((`mst_kec`.`id_kec` = `tbl_dasawisma`.`kd_kec`))) ;

-- --------------------------------------------------------

--
-- Structure for view `view_rekap`
--
DROP TABLE IF EXISTS `view_rekap`;

CREATE ALGORITHM=UNDEFINED DEFINER=`root`@`localhost` SQL SECURITY DEFINER VIEW `view_rekap`  AS  select `tbl_biodata`.`idbiodata` AS `idbiodata`,`tbl_biodata`.`nort` AS `nort`,`tbl_biodata`.`nik` AS `nik`,`tbl_biodata`.`namalengkap` AS `namalengkap`,`tbl_biodata`.`jk` AS `jk`,`tbl_biodata`.`tmplahir` AS `tmplahir`,`tbl_biodata`.`tgllahir` AS `tgllahir`,`tbl_biodata`.`idstatuskeluarga` AS `idstatuskeluarga`,`tbl_biodata`.`idstatusperkawinan` AS `idstatusperkawinan`,`tbl_biodata`.`idagama` AS `idagama`,`tbl_biodata`.`idpendidikan` AS `idpendidikan`,`tbl_biodata`.`idpekerjaan` AS `idpekerjaan`,`tbl_biodata`.`akseptorkb` AS `akseptorkb`,`tbl_biodata`.`k_posyandu` AS `k_posyandu`,`tbl_biodata`.`vol` AS `vol`,`tbl_biodata`.`b_balita` AS `b_balita`,`tbl_biodata`.`tabungan` AS `tabungan`,`tbl_biodata`.`idkelompokbelajar` AS `idkelompokbelajar`,`tbl_biodata`.`paud` AS `paud`,`tbl_biodata`.`koperasi` AS `koperasi`,`tbl_biodata`.`jeniskoperasi` AS `jeniskoperasi`,`tbl_biodata`.`idpus` AS `idpus`,`tbl_biodata`.`idwus` AS `idwus`,`tbl_biodata`.`idhamil` AS `idhamil`,`tbl_biodata`.`idsusu` AS `idsusu`,`tbl_biodata`.`idbuta` AS `idbuta`,`tbl_biodata`.`idlansia` AS `idlansia`,`tbl_keluarga`.`beras` AS `beras`,`tbl_keluarga`.`jenis_beras` AS `jenis_beras`,`tbl_keluarga`.`jamban` AS `jamban`,`tbl_keluarga`.`jml` AS `jml`,`tbl_keluarga`.`sumber_air` AS `sumber_air`,`tbl_keluarga`.`sumber_air_lain` AS `sumber_air_lain`,`tbl_keluarga`.`tps` AS `tps`,`tbl_keluarga`.`saluran_limbah` AS `saluran_limbah`,`tbl_keluarga`.`stiker` AS `stiker`,`tbl_keluarga`.`kriteria_rumah` AS `kriteria_rumah`,`tbl_keluarga`.`aktifitas` AS `aktifitas`,`tbl_keluarga`.`aktifitas_lain` AS `aktifitas_lain`,`tbl_keluarga`.`aktifitas_usaha_lingkungan` AS `aktifitas_usaha_lingkungan`,`tbl_dasawisma`.`nama_dasawisma` AS `nama_dasawisma`,`mst_desa`.`nm_desa` AS `nm_desa`,`tbl_dasawisma`.`kd_kec` AS `kd_kec`,`tbl_dasawisma`.`kd_desa` AS `kd_desa`,`tbl_dasawisma`.`rw` AS `rw`,`tbl_dasawisma`.`rt` AS `rt`,`tbl_dasawisma`.`iddasawisma` AS `iddasawisma`,`tbl_keluarga`.`dusun` AS `dusun`,`tbl_keluarga`.`idkeluarga` AS `idkeluarga` from (((`tbl_dasawisma` join `tbl_biodata` on((`tbl_dasawisma`.`iddasawisma` = `tbl_biodata`.`iddasawisma`))) join `tbl_keluarga` on((`tbl_biodata`.`nort` = `tbl_keluarga`.`nort`))) join `mst_desa` on((`tbl_dasawisma`.`kd_desa` = `mst_desa`.`id_desa`))) ;

--
-- Indexes for dumped tables
--

--
-- Indexes for table `akseptor_kb`
--
ALTER TABLE `akseptor_kb`
  ADD PRIMARY KEY (`idakseptorkb`) USING BTREE;

--
-- Indexes for table `aktif_posyandu`
--
ALTER TABLE `aktif_posyandu`
  ADD PRIMARY KEY (`idaktifposyandu`) USING BTREE;

--
-- Indexes for table `jamban_keluarga`
--
ALTER TABLE `jamban_keluarga`
  ADD PRIMARY KEY (`idjambankeluarga`) USING BTREE;

--
-- Indexes for table `kelompok_belajar`
--
ALTER TABLE `kelompok_belajar`
  ADD PRIMARY KEY (`idkelompokbelajar`) USING BTREE;

--
-- Indexes for table `kriteria_rumah`
--
ALTER TABLE `kriteria_rumah`
  ADD PRIMARY KEY (`idkriteriarumah`) USING BTREE;

--
-- Indexes for table `mengikuti_bpkb`
--
ALTER TABLE `mengikuti_bpkb`
  ADD PRIMARY KEY (`idbpkb`) USING BTREE;

--
-- Indexes for table `mengikuti_paud`
--
ALTER TABLE `mengikuti_paud`
  ADD PRIMARY KEY (`idmengikutipaud`) USING BTREE;

--
-- Indexes for table `mst_desa`
--
ALTER TABLE `mst_desa`
  ADD PRIMARY KEY (`id_kec`,`id_desa`) USING BTREE;

--
-- Indexes for table `mst_kec`
--
ALTER TABLE `mst_kec`
  ADD PRIMARY KEY (`id`,`id_kec`,`id_kab`) USING BTREE;

--
-- Indexes for table `sumber_air`
--
ALTER TABLE `sumber_air`
  ADD PRIMARY KEY (`idsumberair`) USING BTREE;

--
-- Indexes for table `tbl_agama`
--
ALTER TABLE `tbl_agama`
  ADD PRIMARY KEY (`idagama`) USING BTREE;

--
-- Indexes for table `tbl_aktifitas`
--
ALTER TABLE `tbl_aktifitas`
  ADD PRIMARY KEY (`idaktifitas`) USING BTREE;

--
-- Indexes for table `tbl_beras`
--
ALTER TABLE `tbl_beras`
  ADD UNIQUE KEY `idberas` (`idberas`) USING BTREE;

--
-- Indexes for table `tbl_biodata`
--
ALTER TABLE `tbl_biodata`
  ADD PRIMARY KEY (`idbiodata`) USING BTREE;

--
-- Indexes for table `tbl_dasawisma`
--
ALTER TABLE `tbl_dasawisma`
  ADD PRIMARY KEY (`iddasawisma`) USING BTREE;

--
-- Indexes for table `tbl_hub`
--
ALTER TABLE `tbl_hub`
  ADD PRIMARY KEY (`idHub`) USING BTREE;

--
-- Indexes for table `tbl_jk`
--
ALTER TABLE `tbl_jk`
  ADD PRIMARY KEY (`idjk`) USING BTREE;

--
-- Indexes for table `tbl_jkn`
--
ALTER TABLE `tbl_jkn`
  ADD PRIMARY KEY (`idjkn`) USING BTREE;

--
-- Indexes for table `tbl_keluarga`
--
ALTER TABLE `tbl_keluarga`
  ADD PRIMARY KEY (`idkeluarga`) USING BTREE;

--
-- Indexes for table `tbl_login`
--
ALTER TABLE `tbl_login`
  ADD PRIMARY KEY (`idlogin`) USING BTREE;

--
-- Indexes for table `tbl_pekerjaan`
--
ALTER TABLE `tbl_pekerjaan`
  ADD PRIMARY KEY (`idpekerjaan`) USING BTREE;

--
-- Indexes for table `tbl_pendidikan`
--
ALTER TABLE `tbl_pendidikan`
  ADD PRIMARY KEY (`idpendidikan`) USING BTREE;

--
-- Indexes for table `tbl_role`
--
ALTER TABLE `tbl_role`
  ADD PRIMARY KEY (`id_role`);

--
-- Indexes for table `tbl_spl`
--
ALTER TABLE `tbl_spl`
  ADD PRIMARY KEY (`idspl`) USING BTREE;

--
-- Indexes for table `tbl_stiker`
--
ALTER TABLE `tbl_stiker`
  ADD PRIMARY KEY (`idstiker`) USING BTREE;

--
-- Indexes for table `tbl_stskawin`
--
ALTER TABLE `tbl_stskawin`
  ADD PRIMARY KEY (`idstskawin`) USING BTREE;

--
-- Indexes for table `tbl_tabungan`
--
ALTER TABLE `tbl_tabungan`
  ADD PRIMARY KEY (`idtabungan`) USING BTREE;

--
-- Indexes for table `tbl_tps`
--
ALTER TABLE `tbl_tps`
  ADD PRIMARY KEY (`idtps`) USING BTREE;

--
-- Indexes for table `tbl_up2k`
--
ALTER TABLE `tbl_up2k`
  ADD PRIMARY KEY (`idup2k`) USING BTREE;

--
-- AUTO_INCREMENT for dumped tables
--

--
-- AUTO_INCREMENT for table `akseptor_kb`
--
ALTER TABLE `akseptor_kb`
  MODIFY `idakseptorkb` int(11) NOT NULL AUTO_INCREMENT, AUTO_INCREMENT=3;
--
-- AUTO_INCREMENT for table `aktif_posyandu`
--
ALTER TABLE `aktif_posyandu`
  MODIFY `idaktifposyandu` int(11) NOT NULL AUTO_INCREMENT, AUTO_INCREMENT=3;
--
-- AUTO_INCREMENT for table `jamban_keluarga`
--
ALTER TABLE `jamban_keluarga`
  MODIFY `idjambankeluarga` int(11) NOT NULL AUTO_INCREMENT, AUTO_INCREMENT=3;
--
-- AUTO_INCREMENT for table `kelompok_belajar`
--
ALTER TABLE `kelompok_belajar`
  MODIFY `idkelompokbelajar` int(11) NOT NULL AUTO_INCREMENT, AUTO_INCREMENT=3;
--
-- AUTO_INCREMENT for table `kriteria_rumah`
--
ALTER TABLE `kriteria_rumah`
  MODIFY `idkriteriarumah` int(11) NOT NULL AUTO_INCREMENT, AUTO_INCREMENT=3;
--
-- AUTO_INCREMENT for table `mengikuti_bpkb`
--
ALTER TABLE `mengikuti_bpkb`
  MODIFY `idbpkb` int(11) NOT NULL AUTO_INCREMENT, AUTO_INCREMENT=3;
--
-- AUTO_INCREMENT for table `mengikuti_paud`
--
ALTER TABLE `mengikuti_paud`
  MODIFY `idmengikutipaud` int(11) NOT NULL AUTO_INCREMENT, AUTO_INCREMENT=3;
--
-- AUTO_INCREMENT for table `mst_kec`
--
ALTER TABLE `mst_kec`
  MODIFY `id` int(10) NOT NULL AUTO_INCREMENT, AUTO_INCREMENT=34;
--
-- AUTO_INCREMENT for table `sumber_air`
--
ALTER TABLE `sumber_air`
  MODIFY `idsumberair` int(11) NOT NULL AUTO_INCREMENT, AUTO_INCREMENT=4;
--
-- AUTO_INCREMENT for table `tbl_agama`
--
ALTER TABLE `tbl_agama`
  MODIFY `idagama` int(11) NOT NULL AUTO_INCREMENT, AUTO_INCREMENT=8;
--
-- AUTO_INCREMENT for table `tbl_aktifitas`
--
ALTER TABLE `tbl_aktifitas`
  MODIFY `idaktifitas` int(11) NOT NULL AUTO_INCREMENT, AUTO_INCREMENT=4;
--
-- AUTO_INCREMENT for table `tbl_beras`
--
ALTER TABLE `tbl_beras`
  MODIFY `idberas` smallint(6) NOT NULL AUTO_INCREMENT, AUTO_INCREMENT=3;
--
-- AUTO_INCREMENT for table `tbl_biodata`
--
ALTER TABLE `tbl_biodata`
  MODIFY `idbiodata` int(11) NOT NULL AUTO_INCREMENT, AUTO_INCREMENT=45;
--
-- AUTO_INCREMENT for table `tbl_dasawisma`
--
ALTER TABLE `tbl_dasawisma`
  MODIFY `iddasawisma` int(11) NOT NULL AUTO_INCREMENT, AUTO_INCREMENT=53;
--
-- AUTO_INCREMENT for table `tbl_hub`
--
ALTER TABLE `tbl_hub`
  MODIFY `idHub` int(11) NOT NULL AUTO_INCREMENT, AUTO_INCREMENT=6;
--
-- AUTO_INCREMENT for table `tbl_jk`
--
ALTER TABLE `tbl_jk`
  MODIFY `idjk` int(11) NOT NULL AUTO_INCREMENT, AUTO_INCREMENT=3;
--
-- AUTO_INCREMENT for table `tbl_jkn`
--
ALTER TABLE `tbl_jkn`
  MODIFY `idjkn` int(11) NOT NULL AUTO_INCREMENT, AUTO_INCREMENT=5;
--
-- AUTO_INCREMENT for table `tbl_keluarga`
--
ALTER TABLE `tbl_keluarga`
  MODIFY `idkeluarga` bigint(20) NOT NULL AUTO_INCREMENT, AUTO_INCREMENT=28;
--
-- AUTO_INCREMENT for table `tbl_login`
--
ALTER TABLE `tbl_login`
  MODIFY `idlogin` int(11) NOT NULL AUTO_INCREMENT, AUTO_INCREMENT=41;
--
-- AUTO_INCREMENT for table `tbl_pekerjaan`
--
ALTER TABLE `tbl_pekerjaan`
  MODIFY `idpekerjaan` int(11) NOT NULL AUTO_INCREMENT, AUTO_INCREMENT=11;
--
-- AUTO_INCREMENT for table `tbl_pendidikan`
--
ALTER TABLE `tbl_pendidikan`
  MODIFY `idpendidikan` int(11) NOT NULL AUTO_INCREMENT, AUTO_INCREMENT=11;
--
-- AUTO_INCREMENT for table `tbl_role`
--
ALTER TABLE `tbl_role`
  MODIFY `id_role` int(2) NOT NULL AUTO_INCREMENT, AUTO_INCREMENT=6;
--
-- AUTO_INCREMENT for table `tbl_spl`
--
ALTER TABLE `tbl_spl`
  MODIFY `idspl` int(11) NOT NULL AUTO_INCREMENT, AUTO_INCREMENT=3;
--
-- AUTO_INCREMENT for table `tbl_stiker`
--
ALTER TABLE `tbl_stiker`
  MODIFY `idstiker` int(11) NOT NULL AUTO_INCREMENT, AUTO_INCREMENT=3;
--
-- AUTO_INCREMENT for table `tbl_stskawin`
--
ALTER TABLE `tbl_stskawin`
  MODIFY `idstskawin` int(11) NOT NULL AUTO_INCREMENT, AUTO_INCREMENT=4;
--
-- AUTO_INCREMENT for table `tbl_tabungan`
--
ALTER TABLE `tbl_tabungan`
  MODIFY `idtabungan` int(11) NOT NULL AUTO_INCREMENT, AUTO_INCREMENT=3;
--
-- AUTO_INCREMENT for table `tbl_tps`
--
ALTER TABLE `tbl_tps`
  MODIFY `idtps` int(11) NOT NULL AUTO_INCREMENT, AUTO_INCREMENT=3;
--
-- AUTO_INCREMENT for table `tbl_up2k`
--
ALTER TABLE `tbl_up2k`
  MODIFY `idup2k` int(11) NOT NULL AUTO_INCREMENT, AUTO_INCREMENT=3;
/*!40101 SET CHARACTER_SET_CLIENT=@OLD_CHARACTER_SET_CLIENT */;
/*!40101 SET CHARACTER_SET_RESULTS=@OLD_CHARACTER_SET_RESULTS */;
/*!40101 SET COLLATION_CONNECTION=@OLD_COLLATION_CONNECTION */;
